{
  "project_info": {
    "project_number": "666193306532",
    "firebase_url": "https://dubbosi-1575534433552.firebaseio.com",
    "project_id": "dubbosi-1575534433552",
    "storage_bucket": "dubbosi-1575534433552.appspot.com"
  },
  "client": [
    {
      "client_info": {
        "mobilesdk_app_id": "1:666193306532:android:a0121c58b59ea198a41731",
        "android_client_info": {
          "package_name": "dubbosi.alexapps.com"
        }
      },
      "oauth_client": [
        {
          "client_id": "666193306532-rhdba871mso8mgraoie55cn0335c0g45.apps.googleusercontent.com",
          "client_type": 3
        }
      ],
      "api_key": [
        {
          "current_key": "AIzaSyDS4g7iqSUPWZ-7wCwrPA2C6y_vYZQCaoU"
        }
      ],
      "services": {
        "appinvite_service": {
          "other_platform_oauth_client": [
            {
              "client_id": "666193306532-rhdba871mso8mgraoie55cn0335c0g45.apps.googleusercontent.com",
              "client_type": 3
            }
          ]
        }
      }
    }
  ],
  "configuration_version": "1"
}