{
  "project_info": {
    "project_number": "558252190222",
    "firebase_url": "https://sokarchat.firebaseio.com",
    "project_id": "sokarchat",
    "storage_bucket": "sokarchat.appspot.com"
  },
  "client": [
    {
      "client_info": {
        "mobilesdk_app_id": "1:558252190222:android:42f4f40c0ff1a1e8",
        "android_client_info": {
          "package_name": "com.alexapps.sokar"
        }
      },
      "oauth_client": [
        {
          "client_id": "558252190222-d9n4871vq5cehpiehra1llo1a30o2r0a.apps.googleusercontent.com",
          "client_type": 3
        }
      ],
      "api_key": [
        {
          "current_key": "AIzaSyDQUQNfpBgvSAyIMdz77-pU4pHdefDoHnM"
        }
      ],
      "services": {
        "appinvite_service": {
          "other_platform_oauth_client": [
            {
              "client_id": "558252190222-d9n4871vq5cehpiehra1llo1a30o2r0a.apps.googleusercontent.com",
              "client_type": 3
            },
            {
              "client_id": "558252190222-sgbmussiclugv9rcdrjb3j30vnb50rft.apps.googleusercontent.com",
              "client_type": 2,
              "ios_info": {
                "bundle_id": "com.alexapps.sokar"
              }
            }
          ]
        }
      }
    },
    {
      "client_info": {
        "mobilesdk_app_id": "1:558252190222:android:ca6fe7703f90646d49aa5f",
        "android_client_info": {
          "package_name": "com.alexapps.sukar"
        }
      },
      "oauth_client": [
        {
          "client_id": "558252190222-d9n4871vq5cehpiehra1llo1a30o2r0a.apps.googleusercontent.com",
          "client_type": 3
        }
      ],
      "api_key": [
        {
          "current_key": "AIzaSyDQUQNfpBgvSAyIMdz77-pU4pHdefDoHnM"
        }
      ],
      "services": {
        "appinvite_service": {
          "other_platform_oauth_client": [
            {
              "client_id": "558252190222-d9n4871vq5cehpiehra1llo1a30o2r0a.apps.googleusercontent.com",
              "client_type": 3
            },
            {
              "client_id": "558252190222-sgbmussiclugv9rcdrjb3j30vnb50rft.apps.googleusercontent.com",
              "client_type": 2,
              "ios_info": {
                "bundle_id": "com.alexapps.sokar"
              }
            }
          ]
        }
      }
    }
  ],
  "configuration_version": "1"
}